Empleado/a,DNI/Pasaporte,Puesto,Fecha de toma de posesión,Fecha de cese,Teléfono,Evaluador,Coordinador
"Alhambra Bullón, Dolores M.",24198392T,Matemáticas P.E.S.,01/09/2019,,958261885,Sí,No
"Álvarez Bermudo, Mario",08921749A,Area Científico-Tecnolog. (Apoyo Covid),16/09/2020,30/06/2021,626427174,Sí,No
"Álvarez Chamizo, Cristina",33353948S,Contr. Lab. Religión (Sec-Ere) 05 Horas,01/09/2020,31/08/2021,651429273,Sí,No
"Álvarez Chamizo, Cristina",08914265V,Tecnología P.E.S.,01/09/2006,,952896014,Sí,No
"Álvarez Chamizo, Cristina",33347173W,Geografía e Historia P.E.S.,01/09/2020,30/06/2021,636244624,Sí,No
"Arroyo Pretel, Jean Paul",25679044G,Contr. Lab. Religión (Sec-Ere) 06 Horas,15/01/2021,14/02/2021,676050580,Sí,No
"Arroyo Pretel, Jean Paul",75818111Z,Lengua Castellana y Literatura P.E.S.,01/09/2020,30/06/2021,658504596,Sí,No
"Avilés Jiménez, Beatriz",28614411L,Geografía e Historia P.E.S.,01/09/2016,,,Sí,No
"Baena Escaño, Claudia",75563185C,Administración de Empresas P.E.S.,21/09/2020,30/06/2021,,Sí,No
"Baena Valero, Juan José",27347150N,Informática P.E.S.,01/09/2013,,952869739,Sí,No
"Báez Ruiz, Concepción",22723547F,Administración de Empresas P.E.S.,01/10/1991,,,Sí,No
"Bain Antonyak, Diego",45711491A,Lengua Castellana y Literatura P.E.S.,01/09/2020,30/06/2021,600453894,Sí,No
"Baraza Zamorano, Laura",26966400G,Inglés P.E.S.,01/09/2020,,638310087,Sí,No
"Barroso Jiménez, María Isabel",53151310N,Sistemas Electrónicos P.E.S.,01/09/2003,,952806165,Sí,No
"Berenguel Álvarez, Pablo",52571560T,Biología y Geología P.E.S.,01/09/2005,,952800769,Sí,Sí
"Cárdenas Díaz, Laura",26800485B,Educación Física P.E.S.,01/09/2010,,617704193,Sí,No
"Carmona Serrano, Laura",06572131L,Dibujo P.E.S.,01/09/2020,30/06/2021,616534693,Sí,No
"Carrillo Moreno, Carmen Isabel",75006921B,Administración de Empresas P.E.S.,01/10/1992,,692176980,Sí,No
"Carrillo Moreno, Carmen Isabel",52555297K,Formación y Orientación Laboral P.E.S.,01/09/2018,,630753403,Sí,No
"Cocinero Molinero, Melania",74906891P,Dibujo P.E.S.,01/09/2020,30/06/2021,618640089,Sí,No
"De la Fe Fernández, Rosa María",31018171A,Lengua Castellana y Literatura P.E.S.,05/11/2020,09/12/2020,672785425,Sí,No
"De la Fe Fernández, Rosa María",75115004V,Geografía e Historia P.E.S.,01/09/2020,,606648952,Sí,No
"Díaz Puerto, Francisco Javier",50602307F,Filosofía P.E.S.,01/09/2012,,655526696,Sí,No
"Díaz Puerto, Francisco Javier",24263559P,Matemáticas P.E.S.,01/09/2020,31/08/2021,958443348,Sí,No
"Domínguez Tamayo, Julen",03888739Z,Inglés P.E.S.,01/09/2012,,951249955,Sí,No
"Domínguez Tamayo, Julen",44756577A,Educación Física P.E.S.,01/09/2016,,647582371,Sí,No
"Durán Blanco, José Antonio",74696158R,Dibujo P.E.S.,01/09/2020,31/08/2021,958292195,Sí,No
"Escalona González, Rosa",27340284T,Contr. Lab. Religión (Sec-Ere) 06 Horas,01/09/2020,31/08/2021,639177088,Sí,No
"Escobar Márquez, Luís María",25661407P,Lengua Castellana y Literatura P.E.S.,01/09/2019,,952806165,Sí,No
"Escudero Hernández, Virginia",30787489B,Física y Química P.E.S.,01/09/2019,,951576056,Sí,No
"Fagundo García, Emilia",12731426Y,Tecnología P.E.S.,01/09/2012,,689100483,Sí,No
"Fernández López, Pedro José",26974925L,Tecnología P.E.S.,01/09/2020,30/06/2021,620089634,Sí,No
"Fernández Luzón, Rodrigo",74663933E,Informática P.E.S.,01/09/2010,,717121280,Sí,Sí
"Fernández Mangano, Luis Miguel",44263282N,Tecnología P.E.S.,01/09/2020,30/06/2021,600039589,Sí,No
"Fernández Ramírez, Cristina",76748408F,Educación Física P.E.S.,16/09/2020,30/06/2021,658402109,Sí,No
"Fortea Molina, Pastora",77455412Z,Francés P.E.S.,01/09/2009,,656491528,Sí,Sí
"Fortea Molina, Pastora",28840307D,Matemáticas P.E.S.,02/12/2020,23/12/2020,666083282,Sí,No
"García Beneite, Cora Ángeles",77455262W,Inglés P.E.S.,01/09/2020,30/06/2021,952795942,Sí,No
"García Beneite, Cora Ángeles",75158773V,Inglés P.E.S.,16/09/2020,02/10/2020,,Sí,No
"García Del Valle, Ana",24228342G,Inglés P.E.S.,01/09/2003,,670031576,Sí,Sí
"García Pascual, Almudena",25718794X,Matemáticas P.E.S.,01/09/2020,30/06/2021,655198361,Sí,Sí
"Garrocho González, Cristina",33397284L,Matemáticas P.E.S.,01/09/2011,,,Sí,No
"Gijón Mateo, Emilia",25931941Q,Biología y Geología P.E.S.,03/04/2020,02/04/2025,952782069,Sí,No
"Giráldez Cuevas, María",07986998H,Física y Química P.E.S.,01/09/2012,,636443041,Sí,No
"Giráldez Cuevas, María",34843289Z,Informática P.E.S.,01/09/2020,30/06/2021,661954911,Sí,No
"Girón Vega, María Dolores",29077348N,Administración de Empresas P.E.S.,01/10/1992,,952794470,Sí,No
"González Astilleros, Verónica",25565241M,Informática P.E.S.,22/06/2009,24/01/2021,952795965,Sí,No
"González Chamizo, María",45714123J,Biología y Geología P.E.S.,01/09/2020,30/06/2021,953718296,Sí,No
"González Garzón, Álvaro",74934666E,Biología y Geología P.E.S.,01/09/2020,30/06/2021,687654302,Sí,No
"González Juliá, María del Carmen",78988638Z,Area de Lengua y CC. Soc. (Apoyo Covid),16/09/2020,30/06/2021,685031987,Sí,No
"González Ramírez, Jessica",79055309P,Orientación Educativa P.E.S.,01/09/2020,30/06/2021,640656461,Sí,No
"Hernández Lozano, Remedios",26485849S,Inglés P.E.S.,01/09/2008,,952807303,Sí,No
"Hidalgo Villa, Javier",08922573E,Contr. Lab.Evangelic. (Sec-Ere) 04 Horas,01/09/2020,31/08/2021,606748632,Sí,No
"Horno Cabrera, María del Carmen",74831388Z,Proc. Gestión Administrativa P.T.F.P.,01/09/2020,30/06/2021,,Sí,No
"Jiménez Jiménez, Amparo",77455402G,Geografía e Historia P.E.S.,01/09/2019,,649446973,Sí,Sí
"Lara Orive, Rachel",78961479H,Matemáticas P.E.S.,01/09/2004,,952800329,Sí,No
"León Sánchez, María Luisa",75710637L,Informática P.E.S.,01/09/2020,30/06/2021,670557617,Sí,No
"Lincoln Romero, Guillermo",34843485A,Educación Física P.E.S.,01/02/2021,31/03/2021,,Sí,No
"Lirola Oliva, Ana",74868422H,Lengua Castellana y Literatura P.E.S.,01/09/2008,,665475984,Sí,No
"López Córdoba, Marta",75128842D,Geografía e Historia P.E.S.,01/09/2020,,615348684,Sí,Sí
"Macías Laynez, Magdalena",25583669X,Matemáticas P.E.S.,01/09/2010,,951965362,Sí,Sí
"Malmesat Rodríguez, Mercedes",25713795W,Informática P.E.S.,01/09/2020,30/06/2021,619160218,Sí,No
"Manuel Coronado, David",80133984Y,Física y Química P.E.S.,01/09/2004,,952805430,Sí,Sí
"Márquez Pineda, Jacqueline Cristina",74867075M,Orientación Educativa P.E.S.,01/09/2008,,952340738,Sí,No
"Martín Fernández, Inmaculada Concepción",70909878G,Filosofía P.E.S.,01/09/2020,30/06/2021,658036793,Sí,No
"Martínez Arriaza, Humberto",80125358M,Proc. Gestión Administrativa P.T.F.P.,01/10/1987,05/04/2021,952800450,Sí,No
"Martínez Fernández, Inés",75729511X,Proc. Gestión Administrativa P.T.F.P.,01/09/2020,30/06/2021,667069980,Sí,No
"Martínez Fernández, Inés",53682231R,Inglés P.E.S.,01/09/2009,,952805153,Sí,No
"Maza Jurado, Elisa María",77330277E,Economía P.E.S.,01/09/2020,30/06/2021,639839086,Sí,No
"Mesa Rivera, Inmaculada del Mar",23275278Z,Geografía e Historia P.E.S.,01/09/2020,30/06/2021,660843827,Sí,No
"Mesa Rivera, Inmaculada del Mar",74885311W,Inglés P.E.S.,01/09/2020,30/06/2021,662102628,Sí,No
"Mesa Rivera, Inmaculada del Mar",27344407Y,Cultura Clásica P.E.S.,01/09/2020,30/06/2021,952923096,Sí,No
"Mesa Rivera, Inmaculada del Mar",26458859G,Francés P.E.S.,15/09/1998,,952805430,Sí,Sí
"Mora Luciani, Estefanía",77181164H,Inglés P.E.S.,01/09/2020,30/06/2021,696203922,Sí,No
"Moral Yesa, Sandra",53694108X,Informática P.E.S.,25/01/2021,30/06/2021,627856970,Sí,No
"Moreno Fernández, Eligia Rocío",53593134Y,Lengua Castellana y Literatura P.E.S.,01/09/2020,30/06/2021,687187374,Sí,No
"Mula GarcÃ­a, Andrés",44590674E,Lengua Castellana y Literatura P.E.S.,01/09/2017,,675348998,Sí,No
"Mula GarcÃ­a, Andrés",79044480N,Matemáticas P.E.S.,03/11/2020,03/11/2020,669029507,Sí,No
"Muñoz Gómez, Triana",74657046N,Filosofía P.E.S.,01/09/2019,,665883259,Sí,No
"Murillo García, María Jesús",75743031Y,Pedagogía Terapeutica Eso,01/09/2005,,952802285,Sí,No
"Navarrete Fernández, Luis Ramón",52294297W,Lengua Castellana y Literatura P.E.S.,01/09/2006,,955830943,Sí,Sí
"Navarrete Fernández, Luis Ramón",78968283Z,Lengua Castellana y Literatura P.E.S.,28/09/2020,30/06/2021,671262118,Sí,No
"Navarro Martínez, Ana",30234175P,Matemáticas P.E.S.,15/02/2021,31/03/2021,670683690,No,No
"Navarro Martínez, Ana",78969645L,Filosofía P.E.S.,01/09/2020,30/06/2021,685522638,Sí,No
"Núñez Murillo, Margarita",75111043N,Sistemas y Aplic. Informáticos P.T.F.P.,01/09/2012,,699987772,Sí,Sí
"Ortiz Álvarez, Raquel",27337182A,Informática P.E.S.,01/09/2013,,951892984,Sí,Sí
"Pabón Alcaide, José Antonio",31730572W,Dibujo P.E.S.,01/09/2020,30/06/2021,626895904,Sí,No
"Pacheco Rodríguez, Isabel María",24882305P,Orientación Educativa P.E.S.,01/09/2012,04/09/2020,952796064,Sí,No
"Palma Ruiz, Dámaris",75136159N,Proc. Gestión Administrativa P.T.F.P.,01/09/2020,30/06/2021,646011409,Sí,No
"Pariente Núñez, Rafael",76637554J,Inglés P.E.S.,01/09/2020,30/06/2021,610917127,Sí,No
"Pastor Martínez, Pedro",25075656K,Tecnología P.E.S.,21/09/2020,30/06/2021,625850519,Sí,No
"Peña Guzmán, Carlos",53656255S,Inglés P.E.S.,01/09/2020,30/06/2021,692231083,Sí,No
"Pérez Alfaro, Emilia",08921790K,Area de Lengua y CC. Soc. (Apoyo Covid),16/09/2020,30/06/2021,687759273,Sí,No
"Pérez Alfaro, Emilia",76433581G,Matemáticas P.E.S.,03/11/2020,22/12/2020,600015860,Sí,No
"Pérez Ruiz, Carlos",42848833V,Equipos Electrónicos P.T.F.P.,01/09/2020,31/08/2021,952791844,Sí,No
"Picón Sanz, José Manuel",26211671C,Formación y Orientación Laboral P.E.S.,09/11/2020,31/03/2021,690939446,Sí,No
"Portillo Callejón, Noemí",30236694C,Lengua Castellana y Literatura P.E.S.,01/09/2020,30/06/2021,663697861,Sí,No
"Prat Quiles, Francisco",30974640B,Dibujo P.E.S.,01/09/2020,30/06/2021,622191146,Sí,No
"Quesada Beltrán, Luis",75895274N,Informática P.E.S.,20/10/2020,18/12/2020,678776600,Sí,No
"Quesada Beltrán, Luis",X9430310B,Informática P.E.S.,02/12/2020,18/12/2020,671558131,Sí,No
"Quesada Martín, Teresa",53771268M,Lengua Castellana y Literatura P.E.S.,01/09/2020,,699717280,Sí,No
"Rabinovich Camacho, Carlos",08906635T,Administración de Empresas P.E.S.,01/10/1991,,696418007,Sí,No
"Rabinovich Camacho, Carlos",24279666S,Area Científico-Tecnolog. (Apoyo Covid),16/09/2020,30/06/2021,,Sí,No
"Rabinovich Camacho, Carlos",26466515R,Sistemas y Aplic. Informáticos P.T.F.P.,01/09/2003,,952800387,Sí,No
"Rabinovich Camacho, Carlos",08922687K,Música P.E.S.,01/09/2004,,952791390,Sí,No
"Revelles Rubio, Soraya",76997333A,Educación Física P.E.S.,01/09/2019,,606111414,Sí,No
"Rivas Rivas, José Manuel",30458572V,Proc. Gestión Administrativa P.T.F.P.,01/10/1990,,690006715,Sí,No
"Rodilphe Núñez, Sheila",25715185N,Matemáticas P.E.S.,01/09/2020,30/06/2021,656905836,Sí,No
"Rodríguez Montero, Rocío",74816539T,Lengua Castellana y Literatura P.E.S.,01/09/2010,,952890188,Sí,No
"Rodríguez Moreno, María de la Concepciòn",26816822H,Economía P.E.S.,15/02/2021,31/03/2021,647293458,Sí,No
"Rodríguez Pérez, Nazareth",75251666J,Matemáticas P.E.S.,01/09/2020,30/06/2021,950254657,Sí,No
"Romero Reyes, Marina Concepción",74837904K,Administración de Empresas P.E.S.,01/09/2020,30/06/2021,660326238,Sí,No
"Ruiz Bajo, Rosa María",31841670X,Matemáticas P.E.S.,01/10/1992,,952796088,Sí,Sí
"Saborido Pozo, Carmona",14635310L,Geografía e Historia P.E.S.,01/09/2020,30/06/2021,663208603,Sí,No
"Salcedo Aragón, María del Carmen",71891915X,Lengua Castellana y Literatura P.E.S.,01/09/2020,31/08/2021,687257704,Sí,No
"Salguero Fernández, Guadalupe",15472958F,Formación y Orientación Laboral P.E.S.,01/09/2020,30/06/2021,662598530,Sí,No
"Sánchez González, Maud Brigitte Marie",75721574P,Geografía e Historia P.E.S.,16/09/2020,30/06/2021,656311792,Sí,No
"Sánchez Pérez, Manuel",74901717D,Matemáticas P.E.S.,01/09/2001,,952796927,Sí,No
"Sánchez Pérez, Manuel",52296143P,Francés P.E.S.,01/09/2019,,951715669,Sí,No
"Sánchez Romero, Marta",77452049D,Geografía e Historia P.E.S.,01/09/2018,,952796197,Sí,No
"Santana Ortega, Ángela",25975666H,Economía P.E.S.,15/09/1997,,952791737,Sí,No
"Sastre GarcÃ­a, David",77348976E,Geografía e Historia P.E.S.,01/09/2019,,680671354,Sí,No
"Sastre GarcÃ­a, David",25333003K,Tecnología P.E.S.,01/09/2020,30/06/2021,649681212,Sí,No
"Serena León, Ana María",26012958G,Educación Física P.E.S.,01/09/2010,,639675154,Sí,No
"Serrano Maján, Isabel",45070008J,Música P.E.S.,01/09/2001,,,Sí,No
"Silva Macías, Fernando",74853120B,Audición y Lenguaje Eso. (Signos),01/09/2020,30/06/2021,952438739,Sí,No
"Soria De Vila, Antonio Jesús",44575768C,Matemáticas P.E.S.,01/09/2020,,666533066,Sí,Sí
"Tirado Pérez, María Inmaculada",44580305A,Proc. Gestión Administrativa P.T.F.P.,01/09/2020,30/06/2021,655378521,Sí,No
"Torres Silva, Antonia",08929037T,Sistemas y Aplic. Informáticos P.T.F.P.,01/09/2008,,654167765,Sí,Sí
"Ucha Montes, María Isabel",34029354A,Física y Química P.E.S.,07/10/2020,30/06/2021,679155637,Sí,No
"Valero Gamarra, María Herminia",48956848Z,Inglés P.E.S.,01/09/2016,,656953206,Sí,No
"Vallés Martos, Natalia",74882954Z,Lengua Castellana y Literatura P.E.S.,01/09/2020,30/06/2021,635257811,Sí,No
"Vallés Martos, Natalia",09057185S,Economía P.E.S.,01/09/2020,31/08/2021,618072577,Sí,No
"Vargas-Machuca Rincón, Eduardo Jesús",26206754W,Equipos Electrónicos P.T.F.P.,01/10/1989,,952807681,Sí,No
"Vega Mancera, Silvia",76368363Z,Filosofía P.E.S.,01/09/2014,,981231728,Sí,No
"Vidal Morillas, María Nieves",32028489T,Administración de Empresas P.E.S.,01/10/1992,,,Sí,No
"Vidal Morillas, María Nieves",27347116R,Física y Química P.E.S.,01/09/2012,,605837861,Sí,No
"Viedma Canca, Pablo Manuel",31831916P,Física y Química P.E.S.,01/10/1989,05/10/2020,,Sí,Sí
"Young García, María Lucía",24259915K,Informática P.E.S.,01/09/2020,30/06/2021,667912025,Sí,No
"Zapata Moreno, Nerea del Rocío",08915544P,Laboral Religión (Sec-Ere) Jor.Completa,01/09/2019,30/08/2021,675171749,Sí,No